{
  "base": {
    "cofs_mean": 0.9971072000000001,
    "cofs_std": 0.0010499871933563909,
    "cfs_mean": 0.0,
    "cfs_std": 0.0
  },
  "prompt_aug": {
    "cofs_mean": 0.9973708,
    "cofs_std": 0.000836508729008499,
    "cfs_mean": 0.0,
    "cfs_std": 0.0
  },
  "fairimagen_e": {
    "cofs_mean": 0.9971022,
    "cofs_std": 0.0010409333525682532,
    "cfs_mean": -0.0014842,
    "cfs_std": 0.002479505243492141
  },
  "craftgc_e": {
    "cofs_mean": 0.9970971999999999,
    "cofs_std": 0.001036446140039321,
    "cfs_mean": -0.0021265999999999998,
    "cfs_std": 0.002990337217329623
  }
}