{
  "base": {
    "cofs_mean": 0.9980020000000001,
    "cofs_std": 0.000992315371199281,
    "cfs_mean": 0.0,
    "cfs_std": 0.0
  },
  "prompt_aug": {
    "cofs_mean": 0.9980979999999999,
    "cofs_std": 0.0008370233946941446,
    "cfs_mean": 0.0,
    "cfs_std": 0.0
  },
  "fairimagen_e": {
    "cofs_mean": 0.997914,
    "cofs_std": 0.0009878878726756336,
    "cfs_mean": -0.002162,
    "cfs_std": 0.0022680468986980575
  },
  "craftgc_e": {
    "cofs_mean": 0.9978899999999998,
    "cofs_std": 0.000986283479553833,
    "cfs_mean": -0.0028059999999999995,
    "cfs_std": 0.00287738614377844
  }
}